{
  "best_model_name": "Logistic Regression",
  "saved_filename": "best_overall_model.joblib",
  "validation_metrics": {
    "accuracy": 0.8614920874152223,
    "precision": 0.7833175803402647,
    "recall": 0.999397045523063,
    "f1": 0.878262021459796,
    "roc_auc": 0.8789655205625105
  },
  "parameters": {
    "max_iter": 1000,
    "random_state": 42,
    "class_weight": "balanced"
  },
  "tuning_details": {
    "best_cv_score": 0.8789655205625105,
    "cv_scoring_metric": "roc_auc"
  }
}